row	image_num	title	drive_url
1	Content Area 1	Global Prehistory	
2	1.0	Apollo 11 Stones	https://docs.google.com/document/d/1U_wLmq3wzGU_-Yy0KrYU_xl-XKdHUqBz/edit?usp=drive_link&ouid=105303918983461029500&rtpof=true&sd=true
3	2.0	Great Hall of the Bulls	https://docs.google.com/document/d/1EhfbSjA21XdaQR8Apqg00G39ZLq9aFet/edit?usp=drive_link&ouid=105303918983461029500&rtpof=true&sd=true
4	3.0	Camelid Sacrum	https://docs.google.com/document/d/1TCJBP_TlNd2lV8nD44AAmM6lFadmDMV9/edit?usp=drive_link&ouid=105303918983461029500&rtpof=true&sd=true
5	4.0	Running Horned Woman	https://docs.google.com/document/d/1Mpo2z-hTkh_1y-xItX91H6sG5A1zPF3Z/edit?usp=drive_link&ouid=105303918983461029500&rtpof=true&sd=true
6	5.0	Beaker with Ibex Motifs	https://docs.google.com/document/d/17W3m5jvbb089NxU2mQ9AVDM7VVQRcB-q/edit?usp=drive_link&ouid=105303918983461029500&rtpof=true&sd=true
7	6.0	Anthropomorphic Stele	https://docs.google.com/document/d/1EY_-XAzumQiFJiaSL5K5TKG18Veew0en/edit?usp=drive_link&ouid=105303918983461029500&rtpof=true&sd=true
8	7.0	Jade Cong	https://docs.google.com/document/d/1M78ge1MFebGnN87wPdW8D9ONGGs_n2TK/edit?usp=drive_link&ouid=105303918983461029500&rtpof=true&sd=true
9	8.0	Stonehenge	https://docs.google.com/document/d/1FFmC0wYLvYtUnKcUgXg4NIUV0zHuj7lC/edit?usp=drive_link&ouid=105303918983461029500&rtpof=true&sd=true
10	9.0	Ambum Stone	https://docs.google.com/document/d/1c6ABGw-TnpA2hMN_8N3h4pUXyqKKCMCi/edit?usp=drive_link&ouid=105303918983461029500&rtpof=true&sd=true
11	10.0	Tlatilco Female Figurine	https://docs.google.com/document/d/139Zo1pyMMFGFOpwPHf5WYHVniHzg0G3R/edit?usp=drive_link&ouid=105303918983461029500&rtpof=true&sd=true
12	11.0	Terra Cotta Fragment	https://drive.google.com/file/d/1jHxnD9sj3N-5zx-QzVpPEO1iGhkoQaEj/view?usp=drive_link
13	Content Area 2	Ancient Mediterranean	
14	12.0	White Temple and its Ziggurat 	https://docs.google.com/document/d/14lCYm-tVUipinEJtc6hX5NiiQgh1u4lghuX7NCo_09k/edit
15	13.0	Palette of King Narmer. Predynastic Egypt. c. 3000–2920 B.C.E. Greywacke.	https://docs.google.com/document/d/1s5VuOfrd5LAEqqO2n9G9Mi01PSsSTmrjVJZbBaQraoo/edit
16	14.0	Statues of votive figures, from the Square Temple at Eshnunna (modern Tell Asmar, Iraq). Sumerian. c. 2700 B.C.E. Gypsum inlaid with shell and black limestone.	https://docs.google.com/document/d/1xkMgugm-j6XogcO7XxUCx8glFfWQdPFVaxZrFaDqbyI/edit
17	15.0	Seated scribe. Saqqara, Egypt. Old Kingdom, Fourth Dynasty. c. 2620–2500 B.C.E. Painted limestone.	https://docs.google.com/document/d/1MhK2LNn3XQv2GUkpRGAz9BMhd9HWgMsoFJvbEkIcbFY/edit
18	16.0	Standard of Ur from the Royal Tombs at Ur (modern Tell el-Muqayyar, Iraq).Sumerian. c. 2600–2400 B.C.E. Wood inlaid with shell, lapis lazuli, and red limestone.	https://docs.google.com/document/d/1bcHThR1r6eh3WSdlBbcfHKteu9BiyAyxrU1nEC0eVBA/edit
19	17.0	Great Pyramids (Menkaura, Khafre, Khufu) and Great Sphinx. Giza, Egypt. Old Kingdom, Fourth Dynasty. c. 2550–2490 B.C.E. Cut limestone.	https://docs.google.com/document/d/16kCmG9PhwUAFz_6Gosm2mZ9BqJWlikYWFWokSwr1fFA/edit
20	18.0	King Menkaura and queen. Old Kingdom, Fourth Dynasty. c. 2490–2472 B.C.E.Greywacke.	https://docs.google.com/document/d/1rxHr7iEs0CHRj0yNrt6dGR4KLQ5wOQmpqz6C6nnmM30/edit
21	19.0	The Code of Hammurabi. Babylon (modern Iran). Susian. c. 1792–1750 B.C.E. Basalt.	https://docs.google.com/document/d/1a9BT1Il8Ks1UEVr96XkGa275lZqVQ3eNFj63Hav3BpE/edit
22	20.0	Temple of Amun Re	https://docs.google.com/document/d/108vm8FATMtQhlS3RVeWTg6qpwupwICY5/edit?usp=drive_link&ouid=105303918983461029500&rtpof=true&sd=true
23	21.0	Mortuary temple of Hatshepsut. Near Luxor, Egypt. New Kingdom, 18th Dynasty.c. 1473–1458 B.C.E. Sandstone, partially carved into a rock cliff, and red granite.	https://docs.google.com/document/d/1C1obEMoF2NuzVkEfIKpwmfSg387eQhF1zpeiSfdfN9A/edit
24	22.0	Akhenaton, Nefertiti, and three daughters. New Kingdom (Amarna), 18th Dynasty. c. 1353–1335 B.C.E. Limestone.	https://docs.google.com/document/d/18KNxz0ZRzddU3BavPf02PKaI4jGbECgtb_7NyvlIvNM/edit
25	23.0	Tutankhamun’s tomb, innermost coffin. New Kingdom, 18th Dynasty. c. 1323 B.C.E. Gold with inlay of enamel and semiprecious stones.	https://docs.google.com/document/d/1i1UeXjZYS52UwpbvYsZPqTdUaPhW7auGoWnszFBy8ig/edit
26	24.0	Last judgment of Hu-Nefer, from his tomb (page from the Book of the Dead). New Kingdom, 19th Dynasty. c. 1275 B.C.E. Painted papyrus scroll.	https://docs.google.com/document/d/1p8dJdtRi6Zhlf4CUX5QeAhNFU4ZPHyf6PbnzOALqRv0/edit
27	25.0	Lamassu from the citadel of Sargon II, Dur Sharrukin (modern Khorsabad, Iraq). Neo-Assyrian. c. 720–705 B.C.E. Alabaster.	https://docs.google.com/document/d/1M3uevPoGlXYheBVGcVtFu7AmpoIaJxXslZopj7IJVXs/edit
28	26.0	Athenian agora. Archaic through Hellenistic Greek. 600 B.C.E.–150 C.E. Plan. 	https://docs.google.com/document/d/1ZDu6GFAmcRlNhuh5p6Vjde7qQsMlnV4s_5Se-jb5T3w/edit
29	27.0	Anavysos Kouros. Archaic Greek. c. 530 B.C.E. Marble with remnants of paint.	https://docs.google.com/document/d/1kcZ82eMWOzby52I2y1qVFX_pApBVgBeXFwScG1kOOgU/edit
30	28.0	Peplos Kore from the Acropolis. Archaic Greek. c. 530 B.C.E. Marble, painted details. 	https://docs.google.com/document/d/1AG5JEs6VKVlcliqkiA2H75wUXf3sHWFveD0aPqm0Dp4/edit
31	29.0	Sarcophagus of the Spouses. Etruscan. c. 520 B.C.E. Terra cotta.	https://docs.google.com/document/d/1wj6lBpSSz3c4DPXn1ZL-Fh_rxghOf1yNkAA_d76EDVw/edit
32	30.0	Audience Hall (apadana) of Darius and Xerxes. Persepolis, Iran. Persian. c. 520–465 B.C.E. Limestone.	https://docs.google.com/document/d/1M73ePQCnkn7DbhSgjZh7GRvnAzoK5zpRihWpE14Pfiw/edit
33	31.0	Temple of Minerva (Veii, near Rome, Italy) and sculpture of Apollo. Master sculptor Vulca. c. 510–500 B.C.E. Original temple of wood, mud brick, or tufa (volcanic rock); terra cotta sculpture	https://docs.google.com/document/d/1l6MtIuHGQ20ddJ8S9PSSG1JgUh1lM4uzV9ss4v3fHbA/edit
34	32.0	Tomb of the Triclinium. Tarquinia, Italy. Etruscan. c. 480–470 B.C.E. Tufa and fresco.	https://docs.google.com/document/d/12t_sHRD3hhSY9skjzDnsOy707GwciMyXdgArqu5jNfY/edit
35	33.0	Niobides Krater. Anonymous vase painter of Classical Greece known as the Niobid Painter. c. 460–450 B.C.E. Clay, red-figure technique (white highlights).	https://docs.google.com/document/d/1_mKgneruMFtESQAYl9RYtiXli2qZlheUQDMJLxvW7fc/edit
36	34.0	Doryphoros (Spear Bearer). Polykleitos. Original 450–440 B.C.E. Roman copy (marble) of Greek original (bronze).	https://docs.google.com/document/d/1iH4mvsoq9QMwp5ccSPccmCIdeN_xoNrGkk9vfi7g_v0/edit
37	35.0	Acropolis. Athens, Greece. Iktinos and Kallikrates. c. 447–410 B.C.E. Marble.	https://drive.google.com/open?id=1HCCkJfTSbU0yln_qc-wO1ir1QsNgfZERaWVu4GPtrHg
38	36.0	Grave stele of Hegeso. Attributed to Kallimachos. c. 410 B.C.E. Marble and paint.	https://docs.google.com/document/d/18kZlMqepA6xPH8sD9IYSwW3FU57ejlYBA02nR2y-SHY/edit
39	37.0	Winged Victory of Samothrace. Hellenistic Greek. c. 190 B.C.E. Marble.	https://docs.google.com/document/d/1GR4hHxL_iOyaUBSCJPjSgQh6OQ2RzvFeKbgIrsVwM-Y/edit
40	38.0	Great Altar of Zeus and Athena at Pergamon. Asia Minor (present-day Turkey). Hellenistic Greek. c. 175 B.C.E. Marble (architecture and sculpture). 	https://docs.google.com/document/d/1bO9oX2FDYbwYV_13b6bon9eWSfLUngAzknUpqr_G1GY/edit
41	39.0	House of the Vettii. Pompeii, Italy. Imperial Roman. c. second century B.C.E.; rebuilt c. 62–79 C.E. Cut stone and fresco.	https://docs.google.com/document/d/1BS7xIlItTAgevsAo0wvd_H9gcQx8aXpr8joCbp5Wdmc/edit
42	40.0	Alexander Mosaic from the House of Faun, Pompeii. Republican Roman. c. 100 B.C.E. Mosaic	https://docs.google.com/document/d/1_s6EGj5VdNuXJiOZEinnlN28Cb6-8m1mF20amYygI3Y/edit
43	41.0	Seated boxer. Hellenistic Greek. c. 100 B.C.E. Bronze.	https://docs.google.com/document/d/1ZLPzDh925lDlwhjRODLa8Vy3Sjgc54oLAAh8U_tYaZs/edit
44	42.0	Head of a Roman patrician. Republican Roman. c. 75–50 B.C.E. Marble.	https://docs.google.com/document/d/1lCrEIlCOvJULfMqB0PW2VZ_ZDG5FIcg0_v5WtsozdF8/edit
45	43.0	Augustus of Prima Porta. Imperial Roman. Early first century C.E. Marble.	https://docs.google.com/document/d/1BYj-WzNSJbfQ4R0zKdAcR-HKYPLN1hrcjAN8W1Cy7RM/edit
46	44.0	Colosseum (Flavian Amphitheater). Rome, Italy. Imperial Roman. 70–80 C.E. Stone and concrete.	https://docs.google.com/document/d/1nw7TP_gx6NnIlAY3pg2LO3sgysMZGQZxvfEIR6YxeMs/edit
47	45.0	Forum of Trajan. Rome, Italy. Apollodorus of Damascus. Forum and markets: 106–112 C.E.; column completed 113 C.E. Brick and concrete (architecture); marble (column).	https://docs.google.com/document/d/1T_32mG1om6sZL_vUHpnlQwaZZC3sLy-r1W_8YBk-_5U/edit
48	46.0	Pantheon. Imperial Roman. 118–125 C.E. Concrete with stone facing.	https://docs.google.com/document/d/1OvsiPUCB1cEdWe8e6CJY69nzbIkW-PFHaSTA0nm0POo/edit
49	47.0	Ludovisi Battle Sarcophagus. Late Imperial Roman. c. 250 C.E. Marble.	https://docs.google.com/document/d/115lvDgvcnK5UWQqC85KfR-YAdf104JNoSaLp8uT5nho/edit
50	Content Area 3	Early Europe and Colonial Americas	
51	48.0	Catacomb of Priscilla. Rome, Italy. Late Antique Europe. c. 200–400 C.E. Excavated tufa and fresco.	https://docs.google.com/document/d/1Pf0PbCHtBPOzMxtgEYpP9RStMX_mJJ1SXWEJ3_V_Unw/edit
52	49.0	Santa Sabina. Rome, Italy. Late Antique Europe. c. 422–432 C.E. Brick and stone, wooden roof.	https://docs.google.com/document/d/1FDjrjaGwE-8J66e2RQsLMlGKplaSe_IG0J2aKpvNkEg/edit
53	50.0	Rebecca and Eliezer at the Well and Jacob Wrestling the Angel, from the Vienna Genesis. Early Byzantine Europe. Early sixth century C.E. Illuminated manuscript (tempera, gold, and silver on purple vellum).	https://docs.google.com/document/d/1tYKFcP8ne4KubxrDrBk6SzDTOtDsfLNe/edit?usp=drive_link&ouid=105303918983461029500&rtpof=true&sd=true
54	51.0	San Vitale. Ravenna, Italy. Early Byzantine Europe. c. 526–547 C.E. Brick, marble, and stone veneer; mosaic.	https://docs.google.com/document/d/1QBgsZTfYfS7hsBU4a-F_pc14DBVv3-2hbQRuu6wJ5ds/edit
55	52.0	Hagia Sophia. Constantinople (Istanbul). Anthemius of Tralles and Isidorus of Miletus. 532–537 C.E. Brick and ceramic elements with stone and mosaic veneer.	https://docs.google.com/document/d/1ys6M3khCgwyCnlWbG0QUv4kyGLjhrAzOsIOB9Kgv0Jk/edit
56	53.0	Merovingian looped fibulae. Early medieval Europe. Mid-sixth century C.E. Silver gilt worked in filigree, with inlays of garnets and other stones.	https://docs.google.com/document/d/1I9-RRjFncfI6U2jyH04Gs2_ECQgPpXJE-2BCTPPc5zc/edit
57	54.0	Virgin (Theotokos) and Child between Saints Theodore and George. Early Byzantine Europe. Sixth or early seventh century C.E. Encaustic on wood.	https://docs.google.com/document/d/1CELZ-HxyYgOy3ntLTkxRZWFb3TH7GnB6YVpSUeIX4Ao/edit
58	55.0	Lindisfarne Gospels: St. Matthew, cross-carpet page; St. Luke portrait page; St. Luke incipit page. Early medieval (Hiberno Saxon) Europe. c. 700 C.E. Illuminated manuscript (ink, pigments, and gold on vellum).	https://docs.google.com/document/d/1rN4DREZa16UBrM1y9Yt35HQOGH6AvE4neuG1axvGCpw/edit
59	56.0	Great Mosque. Córdoba, Spain. Umayyad. c. 785–786 C.E. Stone masonry.	https://docs.google.com/document/d/1Cei1NwCedUU8Ko-GmkMB44UNBjzUCRj1Pwwa9WYheus/edit
60	57.0	Pyxis of al-Mughira. Umayyad. c. 968 C.E. Ivory.	https://docs.google.com/document/d/1OkXJXG7J7-lQBQCh_UieTrxZkuUfI4TydBwsutFbXe4/edit
61	58.0	Church of Sainte-Foy. Conques, France. Romanesque Europe. Church: c. 1050–1130 C.E.; Reliquary of Saint Foy: ninth century C.E., with later additions. Stone (architecture); stone and paint (tympanum); gold, silver, gemstones, and enamel over wood (reliquary). 	https://docs.google.com/document/d/11rJRGBUKT4qtUxf-1fuh5sQ0OyJ2fprXED_dN7rWaQI/edit
62	59.0	Bayeux Tapestry. Romanesque Europe (English or Norman). c. 1066–1080 C.E. Embroidery on linen.	https://docs.google.com/document/d/1AoBfcwgqkBqQktwUtctvYF2wqbC5MVShR0awC__5rgI/edit
63	60.0	Chartres Cathedral. Chartres, France. Gothic Europe. Original construction c. 1145–1155 C.E.; reconstructed c. 1194–1220 C.E. Limestone, stained glass.	https://docs.google.com/document/d/1M1HBtTNnnE-PnIIAC2Gw7SOZWjdGvlimdQzzIVKh8oc/edit
64	61.0	Dedication Page with Blanche of Castile and King Louis IX of France, Scenes from the Apocalypse from Bibles moralisées. Gothic Europe. c. 1225–1245 C.E. Illuminated manuscript (ink, tempera, and gold leaf on vellum).	https://docs.google.com/document/d/18Wh-XuzMT50Svl8I08jTdNLroSfE4V3NjMLrhM2hfYE/edit
65	62.0	Röttgen Pietà. Late medieval Europe. c. 1300–1325 C.E. Painted wood.	https://docs.google.com/document/d/1ANXiBHzhwnknWKgYhahFSUVeAFG08WG8i51Eo_JUOaw/edit
66	63.0	Arena (Scrovegni) Chapel, including Lamentation. Padua, Italy. Unknown architect; Giotto di Bondone (artist). Chapel: c. 1303 C.E.; Fresco: c. 1305. Brick (architecture) and fresco.	https://docs.google.com/document/d/1Qr2U93CdsHqMpEYZ5Ig0sLU3XEyUpn08InAQMiiXaa0/edit
67	64.0	Golden Haggadah (The Plagues of Egypt, Scenes of Liberation, and Preparation for Passover). Late medieval Spain. c. 1320 C.E. Illuminated manuscript (pigments and gold leaf on vellum).	https://docs.google.com/document/d/1z59c6LtmlsQAseAc0bPMYBcxAdO8-iVtdv2w_0Qgng8/edit
68	65.0	Alhambra. Granada, Spain. Nasrid Dynasty. 1354–1391 C.E. Whitewashed adobe stucco, wood, tile, paint, and gilding. 	https://docs.google.com/document/d/1LGpbmwcnEzgybWsG35j4eGphtqtUbA8rGkr4f0z5oYg/edit
69	66.0	Annunciation Triptych (Merode Altarpiece). Workshop of Robert Campin. 1427–1432 C.E. Oil on wood.	https://docs.google.com/document/d/10S-rG4_QNFM3Cj8TTlZnVMxuqD-j9tzCabBVpe36KUA/edit
70	67.0	Pazzi Chapel. Basilica di Santa Croce. Florence, Italy. Filippo Brunelleschi (architect). c. 1429–1461 C.E. Masonry.	https://docs.google.com/document/d/1-WgQmLqyzYeqYSD1QfQbYJe6OQbm8g-7yJ_CNQ2IPHY/edit
71	68.0	The Arnolfini Portrait. Jan van Eyck. c. 1434 C.E. Oil on wood.	https://docs.google.com/document/d/1AOc1sDI1wJvgPgc8R95pKRha1Bmj5dgkr0Uvmp_Sncw/edit
72	69.0	David. Donatello. c. 1440–1460 C.E. Bronze.	https://docs.google.com/document/d/1YBanEsbiWYpBPoZe_W-DIDCrs5nOJrcqax2yiZ7pRs0/edit
73	70.0	Palazzo Rucellai. Florence, Italy. Leon Battista Alberti (architect). c. 1450 C.E. Stone, masonry.	https://docs.google.com/document/d/1xijggByXrH6bDFJ5Fdw9wGNbLQk0ovjGLBe3Ic2eSBo/edit
74	71.0	Madonna and Child with Two Angels. Fra Filippo Lippi. c. 1465 C.E. Tempera on wood.	https://docs.google.com/document/d/187CDjiGH2sJEHYM08P1QhGtXSOBUdvwlQQ4dvw2JDY8/edit
75	72.0	Birth of Venus. Sandro Botticelli. c. 1484–1486 C.E. Tempera on canvas. 	https://docs.google.com/document/d/1fMkudWdM9JnC2distY2G1z7wAz7KdV9nnE2Q54_is54/edit
76	73.0	Last Supper. Leonardo da Vinci. c. 1494–1498 C.E. Oil and tempera.	https://drive.google.com/file/d/186JdrFfCQADTJkmlKB2lvp9D6pZs3hiz/view?usp=sharing
77	74.0	Adam and Eve. Albrecht Dürer. 1504 C.E. Engraving.	https://drive.google.com/file/d/13Dl-qBhSm8WgbSzE0Emqa7Q0aUntqrAw/view?usp=sharing
78	75.0	Sistine Chapel ceiling and altar wall frescoes. Vatican City, Italy. Michelangelo. Ceiling frescoes: c. 1508–1512 C.E.; altar frescoes: c. 1536–1541 C.E. Fresco.	https://drive.google.com/file/d/1mbLDDGNt7cgMMbkCqH4M33LY3M8vxDyK/view?usp=sharing
79	76.0	School of Athens. Raphael. 1509–1511 C.E. Fresco.	https://drive.google.com/file/d/1sS3etN0ODiGVi7i7N9wXchvMReIKUY2N/view?usp=sharing
80	77.0	Isenheim altarpiece. Matthias Grünewald. c. 1512–1516 C.E. Oil on wood.	https://drive.google.com/file/d/1Uma2u6BYzYcih4WrQ-R_1U3yubZ8QMke/view?usp=sharing
81	78.0	Entombment of Christ. Jacopo da Pontormo. 1525–1528 C.E. Oil on wood.	https://drive.google.com/file/d/1Y9O2G49uT3GBsmrmIWhJAc2sbzKC_fbA/view?usp=sharing
82	79.0	Allegory of Law and Grace. Lucas Cranach the Elder. c. 1530 C.E. Woodcut and letterpress.	https://drive.google.com/file/d/1Hn4a1rgMuU4JxoLYIfYEa8QB2_FGVO90/view?usp=sharing
83	80.0	Venus of Urbino. Titian. c. 1538 C.E. Oil on canvas. 	https://drive.google.com/file/d/1Kp3yh6CbqZ-oB2LIEQwksW7pSX_t6xPP/view?usp=sharing
84	81.0	Frontispiece of the Codex Mendoza. Viceroyalty of New Spain. c. 1541–1542 C.E. Ink and color on paper. 	https://drive.google.com/file/d/1eTAFRj6DxJg2y3Y7akw24etziXwZoSyv/view?usp=sharing
85	82.0	Il Gesù, including Triumph of the Name of Jesus ceiling fresco. Rome, Italy. Giacomo da Vignola, plan (architect); Giacomo della Porta, facade (architect); Giovanni Battista Gaulli, ceiling fresco (artist). Church: 16th century C.E.; facade: 1568–1584 C.E.; fresco and stucco figures: 1676–1679 C.E. Brick, marble, fresco, and stucco	https://drive.google.com/file/d/1UR2m3-vgf6o4VwTix-si8nLqMxVko3LV/view?usp=sharing
86	83.0	Hunters in the Snow. Pieter Bruegel the Elder. 1565 C.E. Oil on wood.	https://drive.google.com/file/d/1f9GPXL7Cpbr6ky7zTavu-ta0qeQv-NJN/view?usp=sharing
87	84.0	Mosque of Selim II. Edirne, Turkey. Sinan (architect). 1568–1575 C.E. Brick and stone.	https://drive.google.com/file/d/1v2eiwVKRdRInCzC4arA__Ai70F6CcHcU/view?usp=sharing
88	85.0	Calling of Saint Matthew. Caravaggio. c. 1597–1601 C.E. Oil on canvas.	https://drive.google.com/file/d/17MBs2_fexaMhFVGRdVTc1YHPBtHe4lrg/view?usp=sharing
89	86.0	Henri IV Receives the Portrait of Marie de’ Medici, from the Marie de’ Medici Cycle. Peter Paul Rubens. 1621–1625 C.E. Oil on canvas.	https://docs.google.com/document/d/1mxX44y2FENLAmBXK-jA8mL7IlGjPqK-4k4RScTIPXbQ/edit
90	87.0	Self-Portrait with Saskia. Rembrandt van Rijn. 1636 C.E. Etching.	https://drive.google.com/file/d/1LpbFkm_EhECaWX9xWnttDlM0kXomZueD/view?usp=sharing
91	88.0	San Carlo alle Quattro Fontane. Rome, Italy. Francesco Borromini (architect). 1638–1646 C.E. Stone and stucco.	https://drive.google.com/file/d/1sR8bhDaAh36QD09eZCN7-fGtYEHNuJhx/view?usp=sharing
92	89.0	Ecstasy of Saint Teresa. Cornaro Chapel, Church of Santa Maria della Vittoria. Rome, Italy. Gian Lorenzo Bernini. c. 1647–1652 C.E. Marble (sculpture); stucco and gilt bronze (chapel).	https://drive.google.com/file/d/1hAKT91_uHWpWtUGMjONG4joBoDvoqFpp/view?usp=drive_link
93	90.0	Angel with Arquebus, Asiel Timor Dei. Master of Calamarca (La Paz School). c. 17th century C.E. Oil on canvas.	https://drive.google.com/file/d/1Ui0hwrsbKw-w7xwgrgidEphu7d6XW25j/view?usp=sharing
94	91.0	Las Meninas. Diego Velázquez. c. 1656 C.E. Oil on canvas.	https://drive.google.com/file/d/1EROWc3x3n7nMBjobi8Tygr-swFgu0e4d/view?usp=sharing
95	92.0	Woman Holding a Balance. Johannes Vermeer. c. 1664 C.E. Oil on canvas.	https://drive.google.com/file/d/1c7ZAxHLT8wA7_2AyHwaIA0zG2jmefHv_/view?usp=sharing
96	93.0	The Palace at Versailles. Versailles, France. Louis Le Vau and Jules Hardouin-Mansart (architects). Begun 1669 C.E. Masonry, stone, wood, iron, and gold leaf (architecture); marble and bronze (sculpture); gardens.	https://docs.google.com/document/d/1RGLPz6daz8liBw2DJi8QLAuP_akIa6Ycu79yld17rYI/edit
97	94.0	Screen with the Siege of Belgrade and hunting scene. Circle of the González Family. c. 1697–1701 C.E. Tempera and resin on wood, shell inlay.	https://drive.google.com/file/d/1FmTxengaP1XicP7jn1YrrXID3vUthrQZ/view?usp=sharing
98	95.0	The Virgin of Guadalupe (Virgen de Guadalupe). Miguel González. c. 1698 C.E.Based on original Virgin of Guadalupe. Basilica of Guadalupe, Mexico City. 16th century C.E. Oil on canvas on wood, inlaid with mother-of-pearl.	https://drive.google.com/file/d/1NHPhhWDSAl7SjPTYAyTLv9m_Z1tci19o/view?usp=sharing
99	96.0	Fruit and Insects. Rachel Ruysch. 1711 C.E. Oil on wood.	https://drive.google.com/file/d/1wOtu_PCBTQfOh-AJv5UD_OqE0V-F8N_P/view?usp=sharing
100	97.0	Spaniard and Indian Produce a Mestizo. Attributed to Juan Rodríguez Juárez. c.1715 C.E. Oil on canvas.	https://drive.google.com/file/d/1ncg0kE-PvbLQM1hJLcCD4JPS_awp0f8M/view?usp=sharing
101	98.0	The Tête à Tête, from Marriage à la Mode. William Hogarth. c. 1743 C.E. Oil on canvas.	https://drive.google.com/file/d/1OnvZFXkSva0RIDFPn4qjf7ASZT3K2gk0/view?usp=sharing
102	99.0	Portrait of Sor Juana Inés de la Cruz. Miguel Cabrera. c. 1750 C.E. Oil on canvas	https://drive.google.com/file/d/1tJL4h8Bx2HY73KK0-tPrxtLH4Lj6H3gt/view?usp=sharing
103	Content Area 4	Later Europe and Americas	
104	100.0	A Philosopher Giving a Lecture on the Orrery. Joseph Wright of Derby. c. 1763–1765 C.E. Oil on canvas.	https://drive.google.com/file/d/1tCExkOG_zABJ5FGXT0okkHnxwELeZl7u/view?usp=sharing
105	101.0	The Swing. Jean-Honoré Fragonard. 1767 C.E. Oil on canvas.	https://drive.google.com/file/d/1vx1E8nsNBmtLB3xxhssqMuIyvxHMjdoB/view?usp=sharing
106	102.0	Monticello. Virginia, U.S. Thomas Jefferson (architect). 1768–1809 C.E. Brick, glass, stone, and wood.	https://drive.google.com/file/d/10Ed7IUHWDAy93Gq270rcjtmFDQgAi4L2/view?usp=sharing
107	103.0	The Oath of the Horatii. Jacques-Louis David. 1784 C.E. Oil on canvas.	https://drive.google.com/file/d/1cW2Z-HiPYGSxL4UWwGynHFWJvN997Zo_/view?usp=sharing
108	104.0	George Washington. Jean-Antoine Houdon. 1788–1792 C.E. Marble. 	https://drive.google.com/file/d/1PH8Hr5XCu0sLwGUg6EZa92dGv2xAlj5-/view?usp=sharing
109	105.0	Self-Portrait. Elisabeth Louise Vigée Le Brun. 1790 C.E. Oil on canvas.	https://drive.google.com/file/d/1uOtjxSiP8EHqNf5Nmc2deoAygt_D6Fto/view?usp=drive_link
110	106.0	Y no hai remedio (And There’s Nothing to Be Done), from Los Desastres de la Guerra (The Disasters of War), plate 15. Francisco de Goya. 1810–1823 C.E. (published 1863). Etching, drypoint, burin, and burnishing.	https://drive.google.com/file/d/1XXHo9bOvup7pa2MR3O8iFLtco9DrFjZ5/view?usp=sharing
111	107.0	La Grande Odalisque. Jean-Auguste-Dominique Ingres. 1814 C.E. Oil on canvas.	https://drive.google.com/file/d/15_76gEynjZ-DtxX58reecvStyuTiK01G/view?usp=sharing
112	108.0	Liberty Leading the People. Eugène Delacroix. 1830 C.E. Oil on canvas.	https://drive.google.com/file/d/1Nq1h1u30Q4jsRC76XI0VhYvE3_8FT8ib/view?usp=sharing
113	109.0	The Oxbow (View from Mount Holyoke, Northampton, Massachusetts, after a Thunderstorm). Thomas Cole. 1836 C.E. Oil on canvas.	https://drive.google.com/file/d/1HjRv7phNZaPBJKp109XX1GE68P_7FcbS/view?usp=sharing
114	110.0	Still Life in Studio. Louis-Jacques-Mandé Daguerre. 1837 C.E. Daguerreotype. 	https://drive.google.com/file/d/1FwQwhS5__k91wRzWDqOgjtADInxfrMVb/view?usp=sharing
115	111.0	Slave Ship (Slavers Throwing Overboard the Dead and Dying, Typhoon Coming On). Joseph Mallord William Turner. 1840 C.E. Oil on canvas. 	https://drive.google.com/file/d/1XsVhbY4g2Qyuzb-XJgFf1NnmvMKSdfAl/view?usp=sharing
116	112.0	Palace of Westminster (Houses of Parliament). London, England. Charles Barry and Augustus W. N. Pugin (architects). 1840–1870 C.E. Limestone masonry and glass.	https://drive.google.com/file/d/1NoEa9YeCcxJBUg6KEhm3XONzMugz0rOM/view?usp=sharing
117	113.0	The Stone Breakers. Gustave Courbet. 1849 C.E. (destroyed in 1945). Oil on canvas.	https://drive.google.com/file/d/1JLr3Od9lzczzhwOVDAvB9gYkK5WWym-Y/view?usp=sharing
118	114.0	Nadar Raising Photography to the Height of Art. Honoré Daumier. 1862 C.E. Lithograph.	https://drive.google.com/file/d/1GqXDza-GptBR8TKDbvcOyyLe_FqAkwmu/view?usp=sharing
119	115.0	Olympia. Édouard Manet. 1863 C.E. Oil on canvas.	https://drive.google.com/file/d/1w54H760aV9WPjJdklEHhQvj5nlpz598L/view?usp=sharing
120	116.0	The Saint-Lazare Station. Claude Monet. 1877 C.E. Oil on canvas.	https://drive.google.com/file/d/1v47jvyMETdKYn4SWKv5iP8XpRy2lhtCI/view?usp=sharing
121	117.0	The Horse in Motion. Eadweard Muybridge. 1878 C.E. Albumen print.	https://drive.google.com/file/d/1CvfnBpcXG0sAU6VidE1tTbEJ6w0n_NJC/view?usp=sharing
122	118.0	The Valley of Mexico from the Hillside of Santa Isabel (El Valle de México desde el Cerro de Santa Isabel). Jose María Velasco. 1882 C.E. Oil on canvas.	https://docs.google.com/document/d/1sToYY6Lt31o-qPMBMy6DoZ87coi9e2EqnFQkr8LvyPc/edit
123	119.0	The Burghers of Calais. Auguste Rodin. 1884–1895 C.E. Bronze.	https://drive.google.com/file/d/1j59xSYtB7oyYM8wg3OIRJnOBiCR8JjnR/view?usp=sharing
124	120.0	The Starry Night. Vincent van Gogh. 1889 C.E. Oil on canvas.	https://drive.google.com/file/d/1BZf5e-MY3MxBfzyu3_FaqWfjNhF6xIHo/view?usp=sharing
125	121.0	The Coiffure. Mary Cassatt. 1890–1891 C.E. Drypoint and aquatint.	https://drive.google.com/file/d/1Ew5x7UQ74pnnn1x-iwQ0bWBGRFzXnoUl/view?usp=sharing
126	122.0	The Scream. Edvard Munch. 1893 C.E. Tempera and pastels on cardboard	https://drive.google.com/file/d/1pkqmDhdVj8PcUdM_8ehPbkRTV-bw_vAs/view?usp=sharing
127	123.0	Where Do We Come From? What Are We? Where Are We Going? Paul Gauguin. 1897–1898 C.E. Oil on canvas. 	https://drive.google.com/file/d/1NEe9EUUKE1uUUypMhNbqQUG4oKKOs4Wk/view?usp=sharing
128	124.0	Carson, Pirie, Scott and Company Building. Chicago, Illinois, U.S. Louis Sullivan (architect). 1899–1903 C.E. Iron, steel, glass, and terra cotta.	https://drive.google.com/file/d/1stjZXH04L54bnVKGKeUhZ6TG3OumxrFA/view?usp=sharing
129	125.0	Mont Sainte-Victoire. Paul Cézanne. 1902–1904 C.E. Oil on canvas.	https://drive.google.com/file/d/1NOonyUHOqjaq7DOqzW8eXHnpIykrwJ1x/view?usp=sharing
130	126.0	Les Demoiselles d’Avignon. Pablo Picasso. 1907 C.E. Oil on canvas. 	https://drive.google.com/file/d/144YBr-NGyY9GH93uZvR1W4GppJq8eglu/view?usp=sharing
131	127.0	The Steerage. Alfred Stieglitz. 1907 C.E. Photogravure. 	https://drive.google.com/file/d/1BreejqL1DQKOAf1MK8-dpln94vOWXTVb/view?usp=sharing
132	128.0	The Kiss. Gustav Klimt. 1907–1908 C.E. Oil and gold leaf on canvas.	https://drive.google.com/file/d/1iiAeeraltF8cbkjWD3AI92MBaSQn1qmm/view?usp=sharing
133	129.0	The Kiss. Constantin Brancusi. 1907–1908 C.E. Limestone. 	https://drive.google.com/file/d/1BuarxeH-xNJNMPfKx7ciFL4a6utefb4w/view?usp=sharing
134	130.0	The Portuguese. Georges Braque. 1911 C.E. Oil on canvas. 	https://drive.google.com/file/d/1IoOh3RH5qkUlDyKS8NMDOj3qoAL9XwXn/view?usp=sharing
135	131.0	Goldfish. Henri Matisse. 1912 C.E. Oil on canvas. 	https://drive.google.com/file/d/1h3R86jq2qlJyLV_GUGxqop_sdqneL8Ff/view?usp=sharing
136	132.0	Improvisation 28 (second version). Vassily Kandinsky. 1912 C.E. Oil on canvas	https://drive.google.com/file/d/1u5oj7kN8maMSp1jbYD1f29DkaXz7lY4t/view?usp=sharing
137	133.0	Self-Portrait as a Soldier. Ernst Ludwig Kirchner. 1915 C.E. Oil on canvas.	https://drive.google.com/file/d/1VyiyuSqS4NioUrNOCRqWI3dBzX1DRnV9/view?usp=sharing
138	134.0	Memorial Sheet for Karl Liebknecht. Käthe Kollwitz. 1919–1920 C.E. Woodcut.	https://drive.google.com/file/d/1_3113JFslhaFQ41pT56ShXYPIgg6ztyb/view?usp=sharing
139	135.0	Villa Savoye. Poissy-sur-Seine, France. Le Corbusier (architect). 1929 C.E. Steel and reinforced concrete.	https://drive.google.com/file/d/1ANz3xVatID_psBuOQESaOZKNTw4I8hTi/view?usp=sharing
140	136.0	Composition with Red, Blue and Yellow. Piet Mondrian. 1930 C.E. Oil on canvas.	https://drive.google.com/file/d/1Ng8hGRF6hFn34Nc4vQW9RwLClbVATa3c/view?usp=sharing
141	137.0	Illustration from The Results of the First Five-Year Plan. Varvara Stepanova. 1932 C.E. Photomontage.	https://drive.google.com/file/d/1aJfyqHk2VEy02Pdujm-ymwnl3J7d-oEP/view?usp=sharing
142	138.0	Object (Le Déjeuner en fourrure). Meret Oppenheim. 1936 C.E. Fur-covered cup,saucer, and spoon.	https://drive.google.com/file/d/1EU2tTooYbWnLMK8U7K1KLfN0vUaRKuHF/view?usp=sharing
143	139.0	Fallingwater. Pennsylvania, U.S. Frank Lloyd Wright (architect). 1936–1939 C.E.Reinforced concrete, sandstone, steel, and glass. 	https://drive.google.com/file/d/1XEcUjkY9GbP0kFEjzXbQX8aTTB7Z77MA/view?usp=sharing
144	140.0	The Two Fridas. Frida Kahlo. 1939 C.E. Oil on canvas.	https://drive.google.com/file/d/1aPR-s-0WbXrUq_khTrC4xfcQ0XGRh0j9/view?usp=sharing
145	141.0	The Migration of the Negro, Panel no. 49. Jacob Lawrence. 1940–1941 C.E. Casein tempera on hardboard.	https://drive.google.com/file/d/19VCsdl7CQ0AShc_ZpOH-B1S1ncBrhW0j/view?usp=sharing
146	142.0	The Jungle. Wifredo Lam. 1943 C.E. Gouache on paper mounted on canvas.	https://drive.google.com/file/d/1RE4uCQ5kehy2Wu2JBIfSRryfIzm83qbX/view?usp=sharing
147	143.0	Dream of a Sunday Afternoon in the Alameda Park. Diego Rivera. 1947–1948 C.E. Fresco	https://drive.google.com/file/d/1l8LO6MxJ0UvM05e2UbpAq70bnqtwqv_y/view?usp=sharing
148	144.0	Fountain (second version). Marcel Duchamp. 1950 C.E. (original 1917). Readymade glazed sanitary china with black paint.	https://drive.google.com/file/d/1c6BWqtbPCgrrR9ZxSVDqX2E7AxPY9GcJ/view?usp=sharing
149	145.0	Woman, I. Willem de Kooning. 1950–1952 C.E. Oil on canvas.	https://drive.google.com/file/d/14HmELnlXcE-uLD6BbzXNnt2tnQQD4KpT/view?usp=sharing
150	146.0	Seagram Building. New York City, U.S. Ludwig Mies van der Rohe and Philip Johnson (architects). 1954–1958 C.E. Steel frame with glass curtain wall and bronze.	https://drive.google.com/file/d/18UXSPbP992belK24lE56mpJnSbl0c9oB/view?usp=sharing
151	147.0	Marilyn Diptych. Andy Warhol. 1962 C.E. Oil, acrylic, and silkscreen enamel on canvas.	https://drive.google.com/file/d/1vn8pmaeIq4pMYuEdUkGTEWKkaYkaN52k/view?usp=sharing
152	148.0	Narcissus Garden. Yayoi Kusama. Original installation and performance 1966. Mirror balls	https://drive.google.com/file/d/12E5BArjqngIKE2eqXoFDtI2Qoag1funW/view?usp=sharing
153	149.0	The Bay. Helen Frankenthaler. 1963 C.E. Acrylic on canvas. 	https://drive.google.com/file/d/1_b5NLESzWXZLvuP9C1KB1lCcIwHuRdUp/view?usp=sharing
154	150.0	Lipstick (Ascending) on Caterpillar Tracks. Claes Oldenburg. 1969–1974 C.E.Cor-Ten steel, steel, aluminum, and cast resin; painted with polyurethane enamel. 	https://drive.google.com/file/d/1JqfMgX5s9hnGN6obrrbhW-gIrCEMSuxs/view?usp=sharing
155	151.0	Spiral Jetty. Great Salt Lake, Utah, U.S. Robert Smithson. 1970 C.E. Earthwork: mud, precipitated salt crystals, rocks, and water coil.	https://docs.google.com/document/d/17s_H1xbzqnpyd1ahwamLDcFWOHjPG5GSdk-rtSNNnnM/edit
156	152.0	House in New Castle County. Delaware, U.S. Robert Venturi, John Rauch, and Denise Scott Brown (architects). 1978–1983 C.E. Wood frame and stucco.	https://docs.google.com/document/d/1Kx90mGdqRawTs3j6gZbJj8jAPdMH3E52RX_fBTBi-kM/edit
157	Content Area 5	Indigenous Americas	
158	153.0	Chavín de Huántar. Northern highlands, Peru. Chavín. 900–200 B.C.E. Stone (architectural complex); granite (Lanzón and sculpture); hammered gold alloy (jewelry).	https://docs.google.com/document/d/1pT1cJoZIsAUWpyuJaT2X3ZFc2cnXkUNNos4H2W_7Lkg/edit
159	154.0	Mesa Verde cliff dwellings. Montezuma County, Colorado. Ancestral Puebloan (Anasazi). 450–1300 C.E. Sandstone.	https://docs.google.com/document/d/1X09Ja8Q7agawawVPonUpuediu-mttxNhsHJtcd7pSBE/edit
160	155.0	Yaxchilán. Chiapas, Mexico. Maya. 725 C.E. Limestone (architectural complex).	https://docs.google.com/document/d/1RaQYWiPM7wJb-FjA5ZF2g8TNG0OYXmk6WSe6anAo5Cw/edit
161	156.0	Great Serpent Mound. Adams County, southern Ohio. Mississippian (Eastern Woodlands). c. 1070 C.E. Earthwork/effigy mound.	https://docs.google.com/document/d/10uhuIodcFcsuxM0doDF0zS1EIU1YmzdVnN1UPteInAI/edit
162	157.0	Templo Mayor (Main Temple). Tenochtitlan (modern Mexico City, Mexico). Mexica (Aztec). 1375–1520 C.E. Stone (temple); volcanic stone (The Coyolxauhqui Stone); jadeite (Olmec-style mask); basalt (Calendar Stone).	https://docs.google.com/document/d/1k0e-Z3myIgTi91A5owYAZ8G4H7kYgjan7nRJXh5tgEg/edit
163	158.0	Ruler’s feather headdress (probably of Motecuhzoma II). Mexica (Aztec). 1428–1520 C.E. Feathers (quetzal and cotinga) and gold.	https://docs.google.com/document/d/1--DIfzXfDmdioqehtGV3gbGp8nsxa2iWaEbMNbtT09Y/edit
164	159.0	City of Cusco, including Qorikancha (Inka main temple), Santo Domingo (Spanish colonial convent), and Walls at Saqsa Waman (Sacsayhuaman). Central highlands, Peru. Inka. c. 1440 C.E; convent added 1550–1650 C.E. and site.	https://docs.google.com/document/d/1pk12qOp6mjBK3f6Ucx6Xcr8FdHcom6BLaizT8MpmQmA/edit
165	160.0	Maize cobs. Inka. c. 1440–1533 C.E. Sheet metal/repoussé, metal alloys.	https://docs.google.com/document/d/1NnowbBz0S5FaGwiXtO0ZcAVVpi6M8SLdJFSuaLZYZTg/edit
166	161.0	City of Machu Picchu. Central highlands, Peru. Inka. c. 1450–1540 C.E. Granite (architectural complex).	https://docs.google.com/document/d/1ShgYn2c-IIklQML2S0TVzkiKbW3OLz8h3sCOMOffBSg/edit
167	162.0	All-T’oqapu tunic. Inka. 1450–1540 C.E. Camelid fiber and cotton.	https://docs.google.com/document/d/14McwSIAzC7sQlj4UjlfJnRsqFtGz1KSkQEzs-7Waagk/edit
168	163.0	Bandolier bag. Lenape (Delaware tribe, Eastern Woodlands). c. 1850 C.E. Beadwork on leather.	https://docs.google.com/document/d/1vZdT1m7e2q5CVKZ2Zgy1DkzYdrlOvDV4eULjiRAe7QA/edit
169	164.0	Transformation mask. Kwakwaka’wakw, Northwest coast of Canada. Late 19th century C.E. Wood, paint, and string.	https://docs.google.com/document/d/1IrExkYeXbJoLP6lotVXt3NZ04i3-qnkwBX-5BQefC3I/edit
170	165.0	Painted elk hide. Attributed to Cotsiogo (Cadzi Cody), Eastern Shoshone, Wind River Reservation, Wyoming. c. 1890–1900 C.E. Painted elk hide.	https://docs.google.com/document/d/1YW2TMOupY3kVoQENw16FAHxYJeY_KSEic8JLrVTeDDY/edit
171	166.0	Black-on-black ceramic vessel. Maria Martínez and Julian Martínez, Tewa, Puebloan, San Ildefonso Pueblo, New Mexico. c. mid-20th century C.E. Blackware ceramic.	https://docs.google.com/document/d/1K0BpHPSsY2V6iXYH93C1J7Hn72dcKWwWlQoU7jLqM0M/edit
172	Content Area 6	Africa	
173	167.0	Conical tower and circular wall of Great Zimbabwe. Southeastern Zimbabwe. Shona peoples. c. 1000–1400 C.E. Coursed granite blocks.	https://docs.google.com/document/d/1eWR2a9QmZzsfMUcKjIVulIT0RC2pxFBuRIexx6t2lyI/edit
174	168.0	Great Mosque of Djenné. Mali. Founded c. 1200 C.E.; rebuilt 1906–1907. Adobe	https://docs.google.com/document/d/1BkOa3Veo0iNsHNn-PNucEQomh7Wep9K4re2IHY0-sEA/edit
175	169.0	Wall plaque, from Oba’s palace. Edo peoples, Benin (Nigeria). 16th century C.E.Cast brass.	https://docs.google.com/document/d/1im10_QgigkrbhDyPFFZ2WIZrySIIXSgTIZzzBbfAFZ4/edit
176	170.0	Sika dwa kofi (Golden Stool). Ashanti peoples (south central Ghana). c. 1700 C.E.Gold over wood and cast-gold attachments.	https://docs.google.com/document/d/1ur3V0Wf73PaRvPnMR60gzkdMDpHfBLkS4fZmcS67sxg/edit
177	171.0	Ndop (portrait figure) of King Mishe miShyaang maMbul. Kuba peoples (Democratic Republic of the Congo). c. 1760–1780 C.E. Wood.	https://docs.google.com/document/d/1usr3EYv5v7BOZNFonU2CfHAwii5bDZnPJ3r53KZXY-M/edit
178	172.0	Power figure (Nkisi n’kondi). Kongo peoples (Democratic Republic of the Congo). c. late 19th century C.E. Wood and metal.	https://docs.google.com/document/d/1-KcR8WhyiEg8PwK0Xelh73ILXuLQbV1bgOQJneyc0gQ/edit
179	173.0	Female (Pwo) mask. Chokwe peoples (Democratic Republic of the Congo). Late 19th to early 20th century C.E. Wood, fiber, pigment, and metal.	https://docs.google.com/document/d/1v92rS0wxEhgZSwYotJz3P36eWdFolHsZK_HUDt-L7T0/edit
180	174.0	Mblo Portrait Mask 	https://drive.google.com/file/d/1Rrp69l4egzbixXX8T0KoxgKY7S4Djmof/view?usp=sharing
181	175.0	Bundu mask. Sande Society, Mende peoples (West African forests of Sierra Leoneand Liberia).19th to 20th century C.E. Wood, cloth, and fiber.	https://docs.google.com/document/d/1PBgMZLiOrdqZOR5_Zny4s_ia8x9OPeIBvaCNcO9dhI8/edit
182	176.0	Ikenga (shrine figure). Igbo peoples (Nigeria). c. 19th to 20th century C.E. Wood. 	https://docs.google.com/document/d/1BnsZ2H-pUOmYHsGaBNZSLujjriK0Y8ALXqZ2JY_Ws1A/edit
183	177.0	Lukasa (memory board). Mbudye Society, Luba peoples (Democratic Republic of theCongo). c. 19th to 20th century C.E. Wood, beads, and metal.	https://docs.google.com/document/d/1jPPZBmFaho-8gS8pcpJFOdpM9axMfuud-p39sT1oFAc/edit
184	178.0	Aka elephant mask. Bamileke (Cameroon, western grassfields region). c. 19th to 20th century C.E. Wood, woven raffia, cloth, and beads.	https://docs.google.com/document/d/1T_BVDQFul8BmuquUvYEi5ios23vcEBtMr__fdZmIp1s/edit
185	179.0	Reliquary figure (byeri). Fang peoples (southern Cameroon). c. 19th to 20th century C.E. Wood.	https://docs.google.com/document/d/1frsD9lLM5ogDz9_lZ69uSQkMDQA9RVF1AJ_gWMKX_84/edit
186	180.0	Veranda Post	https://docs.google.com/document/d/1dBqxFp_jXGTr5CI4YZrAVR4kLZiR2kql/edit?usp=drive_link&ouid=105303918983461029500&rtpof=true&sd=true
187	Content Area 7	West Central Asia	
188	181.0	181 Petra.docx	https://docs.google.com/document/d/1-D7HCTV4Ybds5NNqLmN1xaOymZ6tSjS_/edit?usp=sharing&ouid=105303918983461029500&rtpof=true&sd=true
189	182.0	Buddha Bamiyan	https://docs.google.com/document/d/1RvXM2dmi05JwCGy-VO0ZG2R9qj3luF8Z/edit?usp=drive_link&ouid=105303918983461029500&rtpof=true&sd=true
190	183.0	The Kaaba	https://docs.google.com/document/d/14CAkBK5Kx1vTddWBPTdk_dZGwKF-svN-/edit?usp=drive_link&ouid=105303918983461029500&rtpof=true&sd=true
191	184.0	Jowo Rinpoche	https://docs.google.com/document/d/1RiIATqsrj0WcVgd7UB1jA2C46yRH1ejZ/edit?usp=drive_link&ouid=105303918983461029500&rtpof=true&sd=true
192	185.0	Dome of the Rock	https://docs.google.com/document/d/1aL8a9DCsUKxyibSoBdFOkXcr3zyzSaOE/edit?usp=drive_link&ouid=105303918983461029500&rtpof=true&sd=true
193	186.0	The Great Mosque	https://docs.google.com/document/d/1qTUt5zpanPzateFbABSuN0Jrt28w7_kU/edit?usp=drive_link&ouid=105303918983461029500&rtpof=true&sd=true
194	187.0	Folio form the Quran	https://drive.google.com/file/d/1frJ1WCqwz-ULWEkaEFNVJu2qGfNsdm9G/view?usp=drive_link
195	188.0	Basin St Louis	https://docs.google.com/document/d/1I8qq8Jq8IhFenxQiWG3Zo8Ft_9oe1aRa/edit?usp=drive_link&ouid=105303918983461029500&rtpof=true&sd=true
196	189.0	Bahram Gur Fights the Karg	https://docs.google.com/document/d/12UTvjroN24Sx11k7YPhbA5b0xHgIydoh/edit?usp=drive_link&ouid=105303918983461029500&rtpof=true&sd=true
197	190.0	Court of Gayumars	https://docs.google.com/document/d/1T4u97V0ZSQTgBJ9S6ONTs_WDopPFMLZM/edit?usp=drive_link&ouid=105303918983461029500&rtpof=true&sd=true
198	191.0	Ardabil carpet	https://docs.google.com/document/d/1nVHOfXdYJZnUlvjiRSdsU5aAq5LBHrGZ/edit?usp=drive_link&ouid=105303918983461029500&rtpof=true&sd=true
199	Content Area 8	South, East and Southeast Asia	
200	192.0	Great Stupa at Sanchi	https://docs.google.com/document/d/19x6M1aOwJ-E1NGiQht8B6fQTh6c2yEXK/edit?usp=drive_link&ouid=105303918983461029500&rtpof=true&sd=true
201	193.0	Terracotta warriors	https://docs.google.com/document/d/11PU4_wNWWjrlwjQSI1V2fkLdCX4nniYd/edit?usp=drive_link&ouid=105303918983461029500&rtpof=true&sd=true
202	194.0	Funeral banner of Lady Di	https://drive.google.com/file/d/1BWGEtOSCVvXyTCN4UdJDx6CaA9FAfsC-/view?usp=drive_link
203	195.0	Longmen caves	https://drive.google.com/file/d/18byYG0jnhgRc_qpqKQcXEV2qW5pUar9P/view?usp=drive_link
204	196.0	Gold and jade crown	https://docs.google.com/document/d/1QOiSllLr8hbi8lhvnPDjtt_Zy8QbRxdD/edit?usp=drive_link&ouid=105303918983461029500&rtpof=true&sd=true
205	197.0	Todai-ji	https://docs.google.com/document/d/18QoYDGsoLdauvPhM4M1kR-AMs4p0_Auy/edit?usp=drive_link&ouid=105303918983461029500&rtpof=true&sd=true
206	198.0	Borobudur Temple	https://docs.google.com/document/d/1SSFrKtW7JhDauhZAa9gtpcFFHspxs9KN/edit?usp=drive_link&ouid=105303918983461029500&rtpof=true&sd=true
207	199.0	Angkor Wat	https://docs.google.com/document/d/1xMRkewsb6RgYoaZFcORWICh3vtZBpVn3/edit?usp=drive_link&ouid=105303918983461029500&rtpof=true&sd=true
208	200.0	Lakshmana Temple	https://docs.google.com/document/d/13jwyqS6khfd7NJ0vs9Hquk0RKSrSQqmp/edit?usp=sharing&ouid=105303918983461029500&rtpof=true&sd=true
209	201.0	Travelers among mountains and streams	https://docs.google.com/document/d/1LS3hnM9D1bS-Rb3TKEFfFGhRJxVoyjtA/edit?usp=drive_link&ouid=105303918983461029500&rtpof=true&sd=true
210	202.0	Shiva as Lord of Dance	https://docs.google.com/document/d/1pO6gAISNuKN-y8xwWezTIrj7BShRAMnP/edit?usp=drive_link&ouid=105303918983461029500&rtpof=true&sd=true
211	203.0	Night Attack on Sanjo Palace	https://docs.google.com/document/d/1BirXx_JRBFwFXjh8Wtf3xTInezoJ_y16/edit?usp=drive_link&ouid=105303918983461029500&rtpof=true&sd=true
212	204.0	The David Vases	https://docs.google.com/document/d/1xExvaEI6dvogfaT0UB6BMhoAJpLkCFU3/edit?usp=drive_link&ouid=105303918983461029500&rtpof=true&sd=true
213	205.0	Portrait of Sin Sukju	https://docs.google.com/document/d/1f3x9m47jEHJg4hoWKal0EtZcEiQ0I-0Y/edit?usp=drive_link&ouid=105303918983461029500&rtpof=true&sd=true
214	206.0	Forbidden City	https://docs.google.com/document/d/1tyAtZ08oXHQFxv0Dru2Vr8koL7yXyNLp/edit?usp=drive_link&ouid=105303918983461029500&rtpof=true&sd=true
215	207.0	Ryoan ji	https://docs.google.com/document/d/1629Sg30OfQSYXn0JApxvEZgwOuW7Idky/edit?usp=drive_link&ouid=105303918983461029500&rtpof=true&sd=true
216	208.0	Jahangir preferring a sufi shaik to kings	https://docs.google.com/document/d/1m9FiZxRdR69MWVp62YtBUCZAwYWW3VtW/edit?usp=drive_link&ouid=105303918983461029500&rtpof=true&sd=true
217	209.0	Taj Mahal	https://docs.google.com/document/d/10wI2pxVkLxtoJ3Sy79JAgZnxxLjfnrxl/edit?usp=drive_link&ouid=105303918983461029500&rtpof=true&sd=true
218	210.0	Red and White Plum Blossoms	https://drive.google.com/file/d/1qYtQYp1eE2hiU5AzvG7RDzvj1gaaDLMY/view?usp=drive_link
219	211.0	Under the wave off Kanagawa	https://docs.google.com/document/d/1e_1xzMMfWMELKSo3PQhH_pSkJfvz0fSf/edit?usp=drive_link&ouid=105303918983461029500&rtpof=true&sd=true
220	212.0	Chairman Mao en route to Anyuan	https://docs.google.com/document/d/1sU-eLO48DR_-sOoSgjnew8TeafIhg6ZU/edit?usp=drive_link&ouid=105303918983461029500&rtpof=true&sd=true
221	Content Area 9	Pacific	
222	213.0	Nan Madol	https://docs.google.com/document/d/1c2sH6qmzfZIbQgZrxqIuhO9FP7a-a3eW/edit?usp=drive_link&ouid=105303918983461029500&rtpof=true&sd=true
223	214.0	Moai on Platform	https://docs.google.com/document/d/111CH6vpn3oLdkTeThd6YPqSFRlf8uRj3/edit?usp=drive_link&ouid=105303918983461029500&rtpof=true&sd=true
224	215.0	Ahu'Ula	https://docs.google.com/document/d/1tpEB8w2-UdhChjPue1lDSrjSOHvS6RFX/edit?usp=drive_link&ouid=105303918983461029500&rtpof=true&sd=true
225	216.0	Staff God	https://docs.google.com/document/d/1VV_URjGJIjf7bHePVh0UeUUjMefsPjH1/edit?usp=drive_link&ouid=105303918983461029500&rtpof=true&sd=true
226	217.0	Female Deity Nukuoru	https://docs.google.com/document/d/1jZcB_E9IK-UV1sgOSSCMH3cgrQvQE1Cl/edit?usp=drive_link&ouid=105303918983461029500&rtpof=true&sd=true
227	218.0	Buk Mask	https://docs.google.com/document/d/140svN6obs3WN4TLvmVv3H_B7HgMm-gr0/edit?usp=drive_link&ouid=105303918983461029500&rtpof=true&sd=true
228	219.0	Hiapo Tapa Cloth	https://docs.google.com/document/d/1ei-fs-7H1Rwv1aaQvkHrwleDugh4TDXS/edit?usp=drive_link&ouid=105303918983461029500&rtpof=true&sd=true
229	220.0	Tamati Waka Nene	https://docs.google.com/document/d/1241dIidLf0wWsv6ymY3SvBuG-mj8HL4I/edit?usp=drive_link&ouid=105303918983461029500&rtpof=true&sd=true
230	221.0	Navagation Chart	https://docs.google.com/document/d/1IF-7ZQJym8-_-pUiP_VqvgWCDV_dYsVs/edit?usp=drive_link&ouid=105303918983461029500&rtpof=true&sd=true
231	222.0	Malagan Display and Mask	https://docs.google.com/document/d/1juXAUDq_hMpP7SdcARTAoEhRtdSvG0wM/edit?usp=drive_link&ouid=105303918983461029500&rtpof=true&sd=true
232	223.0	Presentation of Fijian Mats and Tapa Cloths to Queen Elizabeth II	https://docs.google.com/document/d/1Nq3vjRiQui_2rT7p2_cYpdU2qR2QPof9/edit?usp=sharing&ouid=105303918983461029500&rtpof=true&sd=true
233	Content Area 10	Global Contemporary	
234	224.0	The Gates	https://docs.google.com/document/d/1YuczXqcyUFN7CjUXv5tvpxX-p5OFHIgu/edit?usp=drive_link&ouid=105303918983461029500&rtpof=true&sd=true
235	225.0	Vietnam Veterans Memorial	https://docs.google.com/document/d/1QmTPBcmUP9kaQ2u1Ws9h9XbaFuhwl6J9/edit?usp=drive_link&ouid=105303918983461029500&rtpof=true&sd=true
236	226.0	Horn Players	https://docs.google.com/document/d/105vzPYkry7Wj03YSz8jgYZtW3w7gIds7/edit?usp=drive_link&ouid=105303918983461029500&rtpof=true&sd=true
237	227.0	Summer Trees	https://docs.google.com/document/d/1VqE4HgybgRyiAZRlq86WTgKpMMZNQpmn/edit?usp=drive_link&ouid=105303918983461029500&rtpof=true&sd=true
238	228.0	Androgyne III	https://docs.google.com/document/d/1hVxPlaQaSiKvRizKbDecZP6kIFQvrg81/edit?usp=drive_link&ouid=105303918983461029500&rtpof=true&sd=true
239	229.0	Book from the Sky	https://docs.google.com/document/d/1F7s-rz8T4geFWvqB90VqDlqfwsyiZkKo/edit?usp=drive_link&ouid=105303918983461029500&rtpof=true&sd=true
240	230.0	Pink Panther	https://docs.google.com/document/d/1FFMSdAiGca-Faw_iX_isFUuWfcyLbI8F/edit?usp=sharing&ouid=105303918983461029500&rtpof=true&sd=true
241	231.0	Untitled #228	https://docs.google.com/document/d/1G5rmg6Aui6Juw78mBTGk_X6VcXJNwPAY/edit?usp=drive_link&ouid=105303918983461029500&rtpof=true&sd=true
242	232.0	Dancing at the Louvre	https://docs.google.com/document/d/13m6Km6dkLI_92GtF7qdD85o9joHjfy06/edit?usp=drive_link&ouid=105303918983461029500&rtpof=true&sd=true
243	233.0	Trade	https://drive.google.com/file/d/1AXRYY_1jGKor3JA8TMgZ3v6oPnAY3jTb/view?usp=drive_link
244	234.0	Earth's Creation	https://docs.google.com/document/d/17RqDWT7aAmdT52WzAaCkqQ6rBkf4UpoxuCDDEk5qUf0/edit?usp=sharing
245	235.0	Rebellious Silence	https://docs.google.com/document/d/1MKiRgdHoBtJdQ6VdNdqecQZ4Q_777Eeo/edit?usp=drive_link&ouid=105303918983461029500&rtpof=true&sd=truehttps://docs.google.com/document/d/1iKVGGBTwYT2MFLPImJ57RJySy7LbJerm/edit?usp=drive_link&ouid=105303918983461029500&rtpof=true&sd=true
246	236.0	No Crying Allowed in the Barbershop	https://docs.google.com/document/d/1QAxTOLqI-GEZ2MWFGfz0hz-ci5YZs56L/edit?usp=drive_link&ouid=105303918983461029500&rtpof=true&sd=true
247	237.0	Pisupo Lua Afe	https://docs.google.com/document/d/1T4-f5P2PaTY4w8EgqfrO0KnWCu_7ls6G/edit?usp=drive_link&ouid=105303918983461029500&rtpof=true&sd=true
248	238.0	Electronic Superhighway	https://docs.google.com/document/d/18m1CAhPBJ0gS4AseHgtXB6gqBSAHO2Wi/edit?usp=drive_link&ouid=105303918983461029500&rtpof=true&sd=true
249	239.0	The Crossing	https://drive.google.com/file/d/1JBxLI-UA1_gBtpL5XbZTZ14Dg2nC8fo_/view?usp=drive_link
250	240.0	Guggenheim Bilbao	https://docs.google.com/document/d/1k_6vM6zHwVJQMtNocYRGGKDRLk4YaYO2/edit?usp=drive_link&ouid=105303918983461029500&rtpof=true&sd=true
251	241.0	Pure Land	https://docs.google.com/document/d/18980hDLlWBh9cfHoF_sKzzDgrVbt_w4n/edit?usp=drive_link&ouid=105303918983461029500&rtpof=true&sd=true
252	242.0	Lying with the Wolf	https://docs.google.com/document/d/1Lqv6gjqReP8T5dn0jRZyR8Ed2bKEbpmaFMfeDin-MvQ/edit?usp=sharing
253	243.0	Darkytown Rebellion	https://drive.google.com/file/d/1b7CUDjKZjEr-u6sG82kAFWDsaNzoLhqS/view?usp=drive_link
254	244.0	The Swing (after Fragonard)	https://docs.google.com/document/d/17mCh71AZN47jrPBfaWqmH_fecEw8C8eT/edit?usp=drive_link&ouid=105303918983461029500&rtpof=true&sd=true
255	245.0	Old Man's Cloth	https://docs.google.com/document/d/1YhzCIQs-mmj9j5352Z3z6yOD8xZUsF3x/edit?usp=drive_link&ouid=105303918983461029500&rtpof=true&sd=true
256	246.0	Stadia II	https://drive.google.com/file/d/1L86Md3mbUsCvnfwLHfZ5-4PGKptk31RZ/view?usp=drive_link
257	247.0	Preying Mantra	https://docs.google.com/document/d/1YXrZW7FvHebHTsMZtogwYPBBgnIVMJQ8/edit?usp=drive_link&ouid=105303918983461029500&rtpof=true&sd=true
258	248.0	Shibboleth	https://docs.google.com/document/d/1qpZljEHRb2b8lPPcjKTU-cRRcsxumk07/edit?usp=drive_link&ouid=105303918983461029500&rtpof=true&sd=true
259	249.0	MAXXII	https://docs.google.com/document/d/1yL0C-dj1C2yvvYfuEqkiXKJ9OkVhj6de/edit?usp=drive_link&ouid=105303918983461029500&rtpof=true&sd=true
260	250.0	Sunflower Seeds	https://drive.google.com/file/d/1YPxJtTdildnV6jDWbVkhAHq0O33LmmYY/view?usp=drive_link
261			
262			
263			
264			
265			
266			
267			
268			
269			
270			
271			
272			
273			
274			
275			
276			
277			
278			
279			
280			
281			
282			
283			
284			
285			
286			
287			
288			
289			
290			
291			
292			
293			
294			
295			
296			
297			
298			
299			
300			
301			
302			
303			
304			
305			
306			
307			
308			
309			
310			
311			
312			
313			
314			
315			
316			
317			
318			
319			
320			
321			
322			
323			
324			
325			
326			
327			
328			
329			
330			
331			
332			
333			
334			
335			
336			
337			
338			
339			
340			
341			
342			
343			
344			
345			
346			
347			
348			
349			
350			
351			
352			
353			
354			
355			
356			
357			
358			
359			
360			
361			
362			
363			
364			
365			
366			
367			
368			
369			
370			
371			
372			
373			
374			
375			
376			
377			
378			
379			
380			
381			
382			
383			
384			
385			
386			
387			
388			
389			
390			
391			
392			
393			
394			
395			
396			
397			
398			
399			
400			
401			
402			
403			
404			
405			
406			
407			
408			
409			
410			
411			
412			
413			
414			
415			
416			
417			
418			
419			
420			
421			
422			
423			
424			
425			
426			
427			
428			
429			
430			
431			
432			
433			
434			
435			
436			
437			
438			
439			
440			
441			
442			
443			
444			
445			
446			
447			
448			
449			
450			
451			
452			
453			
454			
455			
456			
457			
458			
459			
460			
461			
462			
463			
464			
465			
466			
467			
468			
469			
470			
471			
472			
473			
474			
475			
476			
477			
478			
479			
480			
481			
482			
483			
484			
485			
486			
487			
488			
489			
490			
491			
492			
493			
494			
495			
496			
497			
498			
499			
500			
501			
502			
503			
504			
505			
506			
507			
508			
509			
510			
511			
512			
513			
514			
515			
516			
517			
518			
519			
520			
521			
522			
523			
524			
525			
526			
527			
528			
529			
530			
531			
532			
533			
534			
535			
536			
537			
538			
539			
540			
541			
542			
543			
544			
545			
546			
547			
548			
549			
550			
551			
552			
553			
554			
555			
556			
557			
558			
559			
560			
561			
562			
563			
564			
565			
566			
567			
568			
569			
570			
571			
572			
573			
574			
575			
576			
577			
578			
579			
580			
581			
582			
583			
584			
585			
586			
587			
588			
589			
590			
591			
592			
593			
594			
595			
596			
597			
598			
599			
600			
601			
602			
603			
604			
605			
606			
607			
608			
609			
610			
611			
612			
613			
614			
615			
616			
617			
618			
619			
620			
621			
622			
623			
624			
625			
626			
627			
628			
629			
630			
631			
632			
633			
634			
635			
636			
637			
638			
639			
640			
641			
642			
643			
644			
645			
646			
647			
648			
649			
650			
651			
652			
653			
654			
655			
656			
657			
658			
659			
660			
661			
662			
663			
664			
665			
666			
667			
668			
669			
670			
671			
672			
673			
674			
675			
676			
677			
678			
679			
680			
681			
682			
683			
684			
685			
686			
687			
688			
689			
690			
691			
692			
693			
694			
695			
696			
697			
698			
699			
700			
701			
702			
703			
704			
705			
706			
707			
708			
709			
710			
711			
712			
713			
714			
715			
716			
717			
718			
719			
720			
721			
722			
723			
724			
725			
726			
727			
728			
729			
730			
731			
732			
733			
734			
735			
736			
737			
738			
739			
740			
741			
742			
743			
744			
745			
746			
747			
748			
749			
750			
751			
752			
753			
754			
755			
756			
757			
758			
759			
760			
761			
762			
763			
764			
765			
766			
767			
768			
769			
770			
771			
772			
773			
774			
775			
776			
777			
778			
779			
780			
781			
782			
783			
784			
785			
786			
787			
788			
789			
790			
791			
792			
793			
794			
795			
796			
797			
798			
799			
800			
801			
802			
803			
804			
805			
806			
807			
808			
809			
810			
811			
812			
813			
814			
815			
816			
817			
818			
819			
820			
821			
822			
823			
824			
825			
826			
827			
828			
829			
830			
831			
832			
833			
834			
835			
836			
837			
838			
839			
840			
841			
842			
843			
844			
845			
846			
847			
848			
849			
850			
851			
852			
853			
854			
855			
856			
857			
858			
859			
860			
861			
862			
863			
864			
865			
866			
867			
868			
869			
870			
871			
872			
873			
874			
875			
876			
877			
878			
879			
880			
881			
882			
883			
884			
885			
886			
887			
888			
889			
890			
891			
892			
893			
894			
895			
896			
897			
898			
899			
900			
901			
902			
903			
904			
905			
906			
907			
908			
909			
910			
911			
912			
913			
914			
915			
916			
917			
918			
919			
920			
921			
922			
923			
924			
925			
926			
927			
928			
929			
930			
931			
932			
933			
934			
935			
936			
937			
938			
939			
940			
941			
942			
943			
944			
945			
946			
947			
948			
949			
950			
951			
952			
953			
954			
955			
956			
957			
958			
959			
960			
961			
962			
963			
964			
965			
966			
967			
968			
969			
970			
971			
972			
973			
974			
975			
976			
977			
978			
979			
980			
981			
982			
983			
984			
985			
986			
987			
988			
989			
990			
991			
992			
993			
994			
995			
996			
997			
998			
999			
1000			
1001			
1002			
1003			
1004			
1005			
1006			
1007			
1008			
1009			
1010			
1011			
1012			
1013			
1014			
1015			
1016			
1017			
1018			
1019			
1020			
1021			
1022			
1023			
